物料品号,检查项目,工艺字段,样本数,Pearson相关系数
1110100200698,光缆外径,缆芯外径,372,-0.07069553509202987
1110100200698,光缆外径,护套外径,372,0.006169331829696467
1110100200698,光缆外径,挤出内模,372,0.06281836368003171
1110100200698,光缆外径,挤出外模,372,-0.2477376310848144
1110100200698,光缆外径,螺杆速度,372,-0.386686352657281
1110100200698,光缆外径,螺杆电流,372,0.2551977194317709
1110100200698,光缆外径,生产速度,372,-0.4607070780132556
1110100200698,光缆外径,实际生产速度,372,-0.4637152310361009
1110100200698,缆芯外径,缆芯外径,372,0.051758664481920166
1110100200698,缆芯外径,护套外径,372,0.10885629829841276
1110100200698,缆芯外径,挤出内模,372,0.17420476206857582
1110100200698,缆芯外径,挤出外模,372,0.022327413486523326
1110100200698,缆芯外径,螺杆速度,372,-0.04124808325001181
1110100200698,缆芯外径,螺杆电流,372,-0.2418412946526746
1110100200698,缆芯外径,生产速度,372,-0.32533217993577435
1110100200698,缆芯外径,实际生产速度,372,-0.3323237375386236
1110100200698,钢铝带搭边宽度,缆芯外径,372,-0.25380370214008724
1110100200698,钢铝带搭边宽度,护套外径,372,-0.17445445955975167
1110100200698,钢铝带搭边宽度,挤出内模,372,-0.17186935668198405
1110100200698,钢铝带搭边宽度,挤出外模,372,-0.39363014943316305
1110100200698,钢铝带搭边宽度,螺杆速度,372,-0.2909734888357609
1110100200698,钢铝带搭边宽度,螺杆电流,372,0.05632521822194055
1110100200698,钢铝带搭边宽度,生产速度,372,-0.5048966128429421
1110100200698,钢铝带搭边宽度,实际生产速度,372,-0.5052025865105725
1110100200698,加强件外径,缆芯外径,372,-0.24308501328289225
1110100200698,加强件外径,护套外径,372,-0.07872884761227017
1110100200698,加强件外径,挤出内模,372,-0.04853291785158619
1110100200698,加强件外径,挤出外模,372,-0.5558787361927564
1110100200698,加强件外径,螺杆速度,372,-0.4565536473234308
1110100200698,加强件外径,螺杆电流,372,-0.03464804091113582
1110100200698,加强件外径,生产速度,372,-0.9999999999999936
1110100200698,加强件外径,实际生产速度,372,-0.9986702863375394
1110100200698,套管壁厚2,缆芯外径,372,0.2486559680919865
1110100200698,套管壁厚2,护套外径,372,0.24640647569339053
1110100200698,套管壁厚2,挤出内模,372,0.40370392524424986
1110100200698,套管壁厚2,挤出外模,372,0.4048505155020797
1110100200698,套管壁厚2,螺杆速度,372,0.2114340703397301
1110100200698,套管壁厚2,螺杆电流,372,-0.2089080669104891
1110100200698,套管壁厚2,生产速度,372,0.05343745203324607
1110100200698,套管壁厚2,实际生产速度,372,0.0482465246954338
1110100200698,套管壁厚3,缆芯外径,372,0.22619917475521126
1110100200698,套管壁厚3,护套外径,372,0.22330008741922489
1110100200698,套管壁厚3,挤出内模,372,0.35573825899355666
1110100200698,套管壁厚3,挤出外模,372,0.3914311362039053
1110100200698,套管壁厚3,螺杆速度,372,0.23646016564759473
1110100200698,套管壁厚3,螺杆电流,372,-0.2659322691847463
1110100200698,套管壁厚3,生产速度,372,0.05359545652907885
1110100200698,套管壁厚3,实际生产速度,372,0.047064132735123027
1110100200698,套管壁厚1,缆芯外径,372,0.2592239649139451
1110100200698,套管壁厚1,护套外径,372,0.2518569232952897
1110100200698,套管壁厚1,挤出内模,372,0.3963449470144247
1110100200698,套管壁厚1,挤出外模,372,0.37701823508113164
1110100200698,套管壁厚1,螺杆速度,372,0.1327118568773626
1110100200698,套管壁厚1,螺杆电流,372,-0.1510875571607463
1110100200698,套管壁厚1,生产速度,372,0.0850603399728647
1110100200698,套管壁厚1,实际生产速度,372,0.07679755746119045
1110100200698,套管外径6,缆芯外径,372,0.11958878515503253
1110100200698,套管外径6,护套外径,372,0.12589991498411832
1110100200698,套管外径6,挤出内模,372,0.17538891020478012
1110100200698,套管外径6,挤出外模,372,0.14396013646489442
1110100200698,套管外径6,螺杆速度,372,0.00813108396382083
1110100200698,套管外径6,螺杆电流,372,-0.06471742017225866
1110100200698,套管外径6,生产速度,372,-0.01750964869991026
1110100200698,套管外径6,实际生产速度,372,-0.021054838828875377
1110100200698,套管外径2,缆芯外径,372,0.12554702434189235
1110100200698,套管外径2,护套外径,372,0.11820964474943547
1110100200698,套管外径2,挤出内模,372,0.2178357005854111
1110100200698,套管外径2,挤出外模,372,0.20997161787067892
1110100200698,套管外径2,螺杆速度,372,0.056711914658244565
1110100200698,套管外径2,螺杆电流,372,-0.11382498315933474
1110100200698,套管外径2,生产速度,372,0.06322723905365044
1110100200698,套管外径2,实际生产速度,372,0.05740466385187209
1110100260003,光缆外径,缆芯外径,368,-0.031859517769558234
1110100260003,光缆外径,护套外径,368,-0.021019210126190818
1110100260003,光缆外径,挤出内模,368,-0.023976120584205035
1110100260003,光缆外径,挤出外模,368,-0.02717991961071387
1110100260003,光缆外径,螺杆速度,368,0.06445729294537147
1110100260003,光缆外径,螺杆电流,368,0.016533256225318878
1110100260003,光缆外径,生产速度,368,0.05192109193545468
1110100260003,光缆外径,实际生产速度,368,-0.05400957696516082
1110100260003,缆芯外径,缆芯外径,368,-0.035127187910374204
1110100260003,缆芯外径,护套外径,368,-0.02293789966923119
1110100260003,缆芯外径,挤出内模,368,-0.02054067949841901
1110100260003,缆芯外径,挤出外模,368,-0.02562074909266492
1110100260003,缆芯外径,螺杆速度,368,0.08075470644568528
1110100260003,缆芯外径,螺杆电流,368,0.13265628490775394
1110100260003,缆芯外径,生产速度,368,0.11558037480628482
1110100260003,缆芯外径,实际生产速度,368,-0.02679212150977074
1110100260003,钢铝带搭边宽度,缆芯外径,368,-0.03421985448797831
1110100260003,钢铝带搭边宽度,护套外径,368,-0.08909697250047316
1110100260003,钢铝带搭边宽度,挤出内模,368,-0.07663860019802865
1110100260003,钢铝带搭边宽度,挤出外模,368,-0.0758851633922988
1110100260003,钢铝带搭边宽度,螺杆速度,368,0.22096233642589663
1110100260003,钢铝带搭边宽度,螺杆电流,368,-0.010482558402040034
1110100260003,钢铝带搭边宽度,生产速度,368,0.05329596099054543
1110100260003,钢铝带搭边宽度,实际生产速度,368,-0.06441395563993335
1110100260003,加强件外径,缆芯外径,368,-0.040244399157958556
1110100260003,加强件外径,护套外径,368,-0.03261526232107677
1110100260003,加强件外径,挤出内模,368,-0.03621615690812447
1110100260003,加强件外径,挤出外模,368,-0.04167158180274698
1110100260003,加强件外径,螺杆速度,368,0.12787618982681778
1110100260003,加强件外径,螺杆电流,368,0.012122372489149599
1110100260003,加强件外径,生产速度,368,0.09224202421004585
1110100260003,加强件外径,实际生产速度,368,-0.07972663424358124
1110100260003,套管壁厚2,缆芯外径,368,0.014591503708315202
1110100260003,套管壁厚2,护套外径,368,0.17339398420737898
1110100260003,套管壁厚2,挤出内模,368,0.17544175959475025
1110100260003,套管壁厚2,挤出外模,368,0.1807185253766662
1110100260003,套管壁厚2,螺杆速度,368,-0.15642161207354463
1110100260003,套管壁厚2,螺杆电流,368,-0.011887400080056058
1110100260003,套管壁厚2,生产速度,368,0.06255004600091933
1110100260003,套管壁厚2,实际生产速度,368,0.011703731800654562
1110100260003,套管壁厚3,缆芯外径,368,0.001369868416630707
1110100260003,套管壁厚3,护套外径,368,-0.019322815922288367
1110100260003,套管壁厚3,挤出内模,368,0.004600918984700962
1110100260003,套管壁厚3,挤出外模,368,0.014925962998538947
1110100260003,套管壁厚3,螺杆速度,368,0.13951643604656663
1110100260003,套管壁厚3,螺杆电流,368,-0.1115593261108313
1110100260003,套管壁厚3,生产速度,368,-0.027537665078365255
1110100260003,套管壁厚3,实际生产速度,368,0.035429972584225894
1110100260003,套管壁厚1,缆芯外径,368,0.08408527058567718
1110100260003,套管壁厚1,护套外径,368,-0.07131151706726398
1110100260003,套管壁厚1,挤出内模,368,-0.049835202052691346
1110100260003,套管壁厚1,挤出外模,368,-0.043344195994251905
1110100260003,套管壁厚1,螺杆速度,368,0.2250405661420129
1110100260003,套管壁厚1,螺杆电流,368,-0.05184232238983629
1110100260003,套管壁厚1,生产速度,368,0.033735726929179234
1110100260003,套管壁厚1,实际生产速度,368,0.09633497940685291
1110100260003,套管外径6,缆芯外径,368,0.04684238838404756
1110100260003,套管外径6,护套外径,368,-0.04870951901611241
1110100260003,套管外径6,挤出内模,368,-0.02973867032351225
1110100260003,套管外径6,挤出外模,368,-0.02589092749499156
1110100260003,套管外径6,螺杆速度,368,0.15710504801339248
1110100260003,套管外径6,螺杆电流,368,0.06053711167985905
1110100260003,套管外径6,生产速度,368,0.0728296297152824
1110100260003,套管外径6,实际生产速度,368,0.07942924551239845
1110100260003,套管外径2,缆芯外径,368,0.08056863041484476
1110100260003,套管外径2,护套外径,368,-0.11004284650449793
1110100260003,套管外径2,挤出内模,368,-0.08980819459078687
1110100260003,套管外径2,挤出外模,368,-0.0856928937804044
1110100260003,套管外径2,螺杆速度,368,0.2959779698053675
1110100260003,套管外径2,螺杆电流,368,0.009083594370682608
1110100260003,套管外径2,生产速度,368,0.09888338247476354
1110100260003,套管外径2,实际生产速度,368,0.12493495598550605
1110100200782,光缆外径,缆芯外径,321,0.14678195416028308
1110100200782,光缆外径,护套外径,321,0.05829110067540099
1110100200782,光缆外径,挤出内模,321,-0.23248023581265534
1110100200782,光缆外径,挤出外模,321,-0.26770736072164597
1110100200782,光缆外径,螺杆速度,320,-0.22467901678045898
1110100200782,光缆外径,螺杆电流,320,-0.03978813575891071
1110100200782,光缆外径,生产速度,321,-0.2566240235023211
1110100200782,光缆外径,实际生产速度,321,-0.2566240235023211
1110100200782,缆芯外径,缆芯外径,321,-0.028532059624880014
1110100200782,缆芯外径,护套外径,321,-0.16984859333932859
1110100200782,缆芯外径,挤出内模,321,-0.21090366085542403
1110100200782,缆芯外径,挤出外模,321,-0.1254713719739519
1110100200782,缆芯外径,螺杆速度,320,-0.16338124990843225
1110100200782,缆芯外径,螺杆电流,320,-0.08216989177697852
1110100200782,缆芯外径,生产速度,321,0.03753648794082787
1110100200782,缆芯外径,实际生产速度,321,0.03753648794082787
1110100200782,钢铝带搭边宽度,缆芯外径,321,0.04112239832538294
1110100200782,钢铝带搭边宽度,护套外径,321,-0.17411763762419877
1110100200782,钢铝带搭边宽度,挤出内模,321,-0.04625397763423139
1110100200782,钢铝带搭边宽度,挤出外模,321,0.004166740160108458
1110100200782,钢铝带搭边宽度,螺杆速度,320,-0.08676907633462158
1110100200782,钢铝带搭边宽度,螺杆电流,320,-0.19543228183067873
1110100200782,钢铝带搭边宽度,生产速度,321,-0.04814280846442441
1110100200782,钢铝带搭边宽度,实际生产速度,321,-0.04814280846442441
1110100200782,套管壁厚2,缆芯外径,321,0.008968723792241722
1110100200782,套管壁厚2,护套外径,321,-0.14606785211411125
1110100200782,套管壁厚2,挤出内模,321,0.1721227323223295
1110100200782,套管壁厚2,挤出外模,321,0.26132203730950165
1110100200782,套管壁厚2,螺杆速度,320,0.17301166089305897
1110100200782,套管壁厚2,螺杆电流,320,0.021948813514360316
1110100200782,套管壁厚2,生产速度,321,0.21385931567697603
1110100200782,套管壁厚2,实际生产速度,321,0.21385931567697603
1110100200782,套管壁厚3,缆芯外径,321,0.04368997219692644
1110100200782,套管壁厚3,护套外径,321,-0.1144142929176558
1110100200782,套管壁厚3,挤出内模,321,0.18180631239582637
1110100200782,套管壁厚3,挤出外模,321,0.2304323922332798
1110100200782,套管壁厚3,螺杆速度,320,0.13874475300629088
1110100200782,套管壁厚3,螺杆电流,320,-0.052082225888391134
1110100200782,套管壁厚3,生产速度,321,0.08558518469878074
1110100200782,套管壁厚3,实际生产速度,321,0.08558518469878074
1110100200782,套管壁厚1,缆芯外径,321,0.049438280048874426
1110100200782,套管壁厚1,护套外径,321,-0.09572078278896883
1110100200782,套管壁厚1,挤出内模,321,0.12152268585444401
1110100200782,套管壁厚1,挤出外模,321,0.1468837320399458
1110100200782,套管壁厚1,螺杆速度,320,0.06534818881883789
1110100200782,套管壁厚1,螺杆电流,320,-0.09547331634220756
1110100200782,套管壁厚1,生产速度,321,0.0023048133302469164
1110100200782,套管壁厚1,实际生产速度,321,0.0023048133302469164
1110100200782,套管外径6,缆芯外径,321,0.044723621782847355
1110100200782,套管外径6,护套外径,321,-0.09083681818590086
1110100200782,套管外径6,挤出内模,321,-0.039272886444828986
1110100200782,套管外径6,挤出外模,321,-0.020272603546751804
1110100200782,套管外径6,螺杆速度,320,-0.07458578448113477
1110100200782,套管外径6,螺杆电流,320,-0.11505764296845272
1110100200782,套管外径6,生产速度,321,-0.05084917386818288
1110100200782,套管外径6,实际生产速度,321,-0.05084917386818288
1110100200782,套管外径2,缆芯外径,321,0.017092789880948762
1110100200782,套管外径2,护套外径,321,-0.13860954014365612
1110100200782,套管外径2,挤出内模,321,0.15303480726043756
1110100200782,套管外径2,挤出外模,321,0.19578366409469983
1110100200782,套管外径2,螺杆速度,320,0.0917168036632461
1110100200782,套管外径2,螺杆电流,320,-0.12320374227638782
1110100200782,套管外径2,生产速度,321,0.032521428154058764
1110100200782,套管外径2,实际生产速度,321,0.032521428154058764
1110100200783,光缆外径,缆芯外径,300,0.08810296983286822
1110100200783,光缆外径,护套外径,300,0.14334077038276402
1110100200783,光缆外径,挤出内模,300,-0.2274855989698259
1110100200783,光缆外径,挤出外模,300,-0.34110346863926355
1110100200783,光缆外径,螺杆速度,300,-0.24562003254783735
1110100200783,光缆外径,螺杆电流,300,0.08495619224553802
1110100200783,光缆外径,生产速度,300,-0.006029439871822373
1110100200783,光缆外径,实际生产速度,300,-0.006029439871822373
1110100200783,缆芯外径,缆芯外径,300,-0.2790553675980529
1110100200783,缆芯外径,护套外径,300,-0.20916725432859715
1110100200783,缆芯外径,挤出内模,300,0.13360858587300378
1110100200783,缆芯外径,挤出外模,300,0.0978446297952516
1110100200783,缆芯外径,螺杆速度,300,0.3031422594060146
1110100200783,缆芯外径,螺杆电流,300,0.06048315953332773
1110100200783,缆芯外径,生产速度,300,0.08186201804268296
1110100200783,缆芯外径,实际生产速度,300,0.08186201804268296
1110100200783,钢铝带搭边宽度,缆芯外径,300,0.1525450176415769
1110100200783,钢铝带搭边宽度,护套外径,300,-0.002416962482893655
1110100200783,钢铝带搭边宽度,挤出内模,300,0.056420956889737625
1110100200783,钢铝带搭边宽度,挤出外模,300,-0.021350899043557886
1110100200783,钢铝带搭边宽度,螺杆速度,300,-0.2188449163866362
1110100200783,钢铝带搭边宽度,螺杆电流,300,0.09083595665041445
1110100200783,钢铝带搭边宽度,生产速度,300,-0.18823510846117864
1110100200783,钢铝带搭边宽度,实际生产速度,300,-0.18823510846117864
1110100200783,套管壁厚2,缆芯外径,300,-0.2349962482257262
1110100200783,套管壁厚2,护套外径,300,-0.24720855272969217
1110100200783,套管壁厚2,挤出内模,300,0.24382538772031828
1110100200783,套管壁厚2,挤出外模,300,0.23452582912079978
1110100200783,套管壁厚2,螺杆速度,300,0.27502904530931016
1110100200783,套管壁厚2,螺杆电流,300,0.12007631860042386
1110100200783,套管壁厚2,生产速度,300,0.05041229806780028
1110100200783,套管壁厚2,实际生产速度,300,0.05041229806780028
1110100200783,套管壁厚3,缆芯外径,300,0.10924873092606033
1110100200783,套管壁厚3,护套外径,300,-0.01648752636690327
1110100200783,套管壁厚3,挤出内模,300,0.13632532828667412
1110100200783,套管壁厚3,挤出外模,300,0.132341673801967
1110100200783,套管壁厚3,螺杆速度,300,-0.14562763715203583
1110100200783,套管壁厚3,螺杆电流,300,0.13035376866604076
1110100200783,套管壁厚3,生产速度,300,0.03012916368254419
1110100200783,套管壁厚3,实际生产速度,300,0.03012916368254419
1110100200783,套管壁厚1,缆芯外径,300,0.20606128385666336
1110100200783,套管壁厚1,护套外径,300,0.07458882563597484
1110100200783,套管壁厚1,挤出内模,300,-0.0035927052817887307
1110100200783,套管壁厚1,挤出外模,300,-0.02392898634210708
1110100200783,套管壁厚1,螺杆速度,300,-0.240491665843322
1110100200783,套管壁厚1,螺杆电流,300,0.024610912130749004
1110100200783,套管壁厚1,生产速度,300,-0.0838053321437373
1110100200783,套管壁厚1,实际生产速度,300,-0.0838053321437373
1110100200783,套管外径6,缆芯外径,300,0.3455897695063449
1110100200783,套管外径6,护套外径,300,0.1668150523605373
1110100200783,套管外径6,挤出内模,300,-0.06862973082310866
1110100200783,套管外径6,挤出外模,300,-0.05448660623734978
1110100200783,套管外径6,螺杆速度,300,-0.3181284139990582
1110100200783,套管外径6,螺杆电流,300,-0.1377961830668673
1110100200783,套管外径6,生产速度,300,-0.21813029737663464
1110100200783,套管外径6,实际生产速度,300,-0.21813029737663464
1110100200783,套管外径2,缆芯外径,300,0.2612502003474431
1110100200783,套管外径2,护套外径,300,0.05320572264970298
1110100200783,套管外径2,挤出内模,300,0.0424805011120059
1110100200783,套管外径2,挤出外模,300,0.02449526485010465
1110100200783,套管外径2,螺杆速度,300,-0.24363012505743298
1110100200783,套管外径2,螺杆电流,300,-0.045992263952549454
1110100200783,套管外径2,生产速度,300,-0.15532448198878995
1110100200783,套管外径2,实际生产速度,300,-0.15532448198878995
1110100200784,光缆外径,缆芯外径,291,-0.058289912103080696
1110100200784,光缆外径,护套外径,291,0.010290251119187653
1110100200784,光缆外径,挤出内模,291,-0.02909938782046693
1110100200784,光缆外径,挤出外模,291,-0.08713495491481556
1110100200784,光缆外径,螺杆速度,291,-0.15145448861400207
1110100200784,光缆外径,螺杆电流,291,0.06276302229764838
1110100200784,光缆外径,生产速度,291,-0.11411167893162626
1110100200784,光缆外径,实际生产速度,291,-0.11411167893162626
1110100200784,缆芯外径,缆芯外径,291,0.0702113873871669
1110100200784,缆芯外径,护套外径,291,-0.04302332499814232
1110100200784,缆芯外径,挤出内模,291,0.043246413220589204
1110100200784,缆芯外径,挤出外模,291,-0.012441058050446086
1110100200784,缆芯外径,螺杆速度,291,0.16491921514476746
1110100200784,缆芯外径,螺杆电流,291,-0.020599742973319762
1110100200784,缆芯外径,生产速度,291,0.06526694414710527
1110100200784,缆芯外径,实际生产速度,291,0.06526694414710527
1110100200784,钢铝带搭边宽度,缆芯外径,291,-0.01551851969053364
1110100200784,钢铝带搭边宽度,护套外径,291,0.03998601082488289
1110100200784,钢铝带搭边宽度,挤出内模,291,-0.03501031269706128
1110100200784,钢铝带搭边宽度,挤出外模,291,0.03130012245055722
1110100200784,钢铝带搭边宽度,螺杆速度,291,-0.07115887339175568
1110100200784,钢铝带搭边宽度,螺杆电流,291,0.03235611239251178
1110100200784,钢铝带搭边宽度,生产速度,291,-0.05331865052510538
1110100200784,钢铝带搭边宽度,实际生产速度,291,-0.05331865052510538
1110100200784,套管壁厚2,缆芯外径,291,0.01248251415811179
1110100200784,套管壁厚2,护套外径,291,0.0372352833588954
1110100200784,套管壁厚2,挤出内模,291,-0.021125036342534976
1110100200784,套管壁厚2,挤出外模,291,-0.017743549417823183
1110100200784,套管壁厚2,螺杆速度,291,0.011360079114646458
1110100200784,套管壁厚2,螺杆电流,291,0.24636875801706393
1110100200784,套管壁厚2,生产速度,291,-0.12560061734274175
1110100200784,套管壁厚2,实际生产速度,291,-0.12560061734274175
1110100200784,套管壁厚3,缆芯外径,291,-0.10938907016290642
1110100200784,套管壁厚3,护套外径,291,0.14889045038962212
1110100200784,套管壁厚3,挤出内模,291,-0.129298840281672
1110100200784,套管壁厚3,挤出外模,291,0.12592653282021288
1110100200784,套管壁厚3,螺杆速度,291,-0.1432666246652865
1110100200784,套管壁厚3,螺杆电流,291,0.10414743527421542
1110100200784,套管壁厚3,生产速度,291,-0.056438086069428114
1110100200784,套管壁厚3,实际生产速度,291,-0.056438086069428114
1110100200784,套管壁厚1,缆芯外径,291,-0.07474068285935699
1110100200784,套管壁厚1,护套外径,291,0.11138732769596622
1110100200784,套管壁厚1,挤出内模,291,-0.08580124012065232
1110100200784,套管壁厚1,挤出外模,291,0.23692965213650355
1110100200784,套管壁厚1,螺杆速度,291,-0.04305548141396288
1110100200784,套管壁厚1,螺杆电流,291,-0.1862672882657302
1110100200784,套管壁厚1,生产速度,291,0.047095046267095146
1110100200784,套管壁厚1,实际生产速度,291,0.047095046267095146
1110100200784,套管外径6,缆芯外径,291,0.03946944560772477
1110100200784,套管外径6,护套外径,291,-0.009281163030909905
1110100200784,套管外径6,挤出内模,291,0.03409844077344248
1110100200784,套管外径6,挤出外模,291,0.10363424360574006
1110100200784,套管外径6,螺杆速度,291,-0.08160392000100032
1110100200784,套管外径6,螺杆电流,291,-0.09344792871491069
1110100200784,套管外径6,生产速度,291,-0.11028640117151275
1110100200784,套管外径6,实际生产速度,291,-0.11028640117151275
1110100200784,套管外径2,缆芯外径,291,-0.08522914303594147
1110100200784,套管外径2,护套外径,291,0.11827508625164353
1110100200784,套管外径2,挤出内模,291,-0.09210856454318961
1110100200784,套管外径2,挤出外模,291,0.2540836523968179
1110100200784,套管外径2,螺杆速度,291,-0.0646650159289305
1110100200784,套管外径2,螺杆电流,291,-0.210660502938359
1110100200784,套管外径2,生产速度,291,0.041095038725963505
1110100200784,套管外径2,实际生产速度,291,0.041095038725963505
1110100100680,光缆外径,缆芯外径,244,-0.076005542144762
1110100100680,光缆外径,护套外径,244,0.055713864109866985
1110100100680,光缆外径,挤出内模,244,-0.07889601818022707
1110100100680,光缆外径,挤出外模,244,0.0560627834968551
1110100100680,光缆外径,螺杆速度,244,-0.3370672781419131
1110100100680,光缆外径,螺杆电流,244,0.2951781815526336
1110100100680,光缆外径,生产速度,244,-0.09836744823059816
1110100100680,光缆外径,实际生产速度,244,-0.23604222725417157
1110100100680,缆芯外径,缆芯外径,244,-0.11206252975870969
1110100100680,缆芯外径,护套外径,244,-0.01691554965155463
1110100100680,缆芯外径,挤出内模,244,-0.04463836800059403
1110100100680,缆芯外径,挤出外模,244,-0.024371005959024396
1110100100680,缆芯外径,螺杆速度,244,0.004605980495489728
1110100100680,缆芯外径,螺杆电流,244,0.022320476041198932
1110100100680,缆芯外径,生产速度,244,-0.05635044174795382
1110100100680,缆芯外径,实际生产速度,244,-0.29623135208120505
1110100100680,钢铝带搭边宽度,缆芯外径,244,-0.022664722821222203
1110100100680,钢铝带搭边宽度,护套外径,244,0.024619530593297554
1110100100680,钢铝带搭边宽度,挤出内模,244,-0.0049222293461029035
1110100100680,钢铝带搭边宽度,挤出外模,244,-0.030510606564336806
1110100100680,钢铝带搭边宽度,螺杆速度,244,0.03028592825076667
1110100100680,钢铝带搭边宽度,螺杆电流,244,0.0156270209434191
1110100100680,钢铝带搭边宽度,生产速度,244,0.21620352017405559
1110100100680,钢铝带搭边宽度,实际生产速度,244,0.006394055539183326
1110100100680,加强件外径,缆芯外径,244,-0.08811427188125553
1110100100680,加强件外径,护套外径,244,-0.03920635978321431
1110100100680,加强件外径,挤出内模,244,-0.024968154995451415
1110100100680,加强件外径,挤出外模,244,-0.017878339142869976
1110100100680,加强件外径,螺杆速度,244,0.012323897264645509
1110100100680,加强件外径,螺杆电流,244,0.014322731111265348
1110100100680,加强件外径,生产速度,244,0.02029044809716554
1110100100680,加强件外径,实际生产速度,244,-0.28432374141267436
1110100100680,套管壁厚2,缆芯外径,244,-0.005755710621202858
1110100100680,套管壁厚2,护套外径,244,-0.09781252696788693
1110100100680,套管壁厚2,挤出内模,244,-0.10240109022081025
1110100100680,套管壁厚2,挤出外模,244,-0.044308162857962824
1110100100680,套管壁厚2,螺杆速度,244,-0.06314212432188483
1110100100680,套管壁厚2,螺杆电流,244,-0.004296754581278094
1110100100680,套管壁厚2,生产速度,244,0.11070040244984808
1110100100680,套管壁厚2,实际生产速度,244,0.09449499285001337
1110100100680,套管壁厚3,缆芯外径,244,0.05842746742274735
1110100100680,套管壁厚3,护套外径,244,-0.001355395997593913
1110100100680,套管壁厚3,挤出内模,244,0.1132370683468037
1110100100680,套管壁厚3,挤出外模,244,-0.013315731624902483
1110100100680,套管壁厚3,螺杆速度,244,-0.048310294582419054
1110100100680,套管壁厚3,螺杆电流,244,0.06915638804292486
1110100100680,套管壁厚3,生产速度,244,0.2198241920250898
1110100100680,套管壁厚3,实际生产速度,244,0.2189056385653871
1110100100680,套管壁厚1,缆芯外径,244,0.07652853808700662
1110100100680,套管壁厚1,护套外径,244,0.0373124828166789
1110100100680,套管壁厚1,挤出内模,244,0.06572778706690087
1110100100680,套管壁厚1,挤出外模,244,0.04009979962546406
1110100100680,套管壁厚1,螺杆速度,244,0.012137443088930567
1110100100680,套管壁厚1,螺杆电流,244,0.014787832414667974
1110100100680,套管壁厚1,生产速度,244,0.04742006255328027
1110100100680,套管壁厚1,实际生产速度,244,0.07227490049874574
1110100100680,套管外径6,缆芯外径,244,0.04069645623544755
1110100100680,套管外径6,护套外径,244,0.03646429118067507
1110100100680,套管外径6,挤出内模,244,0.09872450750468369
1110100100680,套管外径6,挤出外模,244,0.07692453477499595
1110100100680,套管外径6,螺杆速度,244,0.1414117495730483
1110100100680,套管外径6,螺杆电流,244,-0.17047050486544824
1110100100680,套管外径6,生产速度,244,0.05440626447964969
1110100100680,套管外径6,实际生产速度,244,0.041803934001593844
1110100100680,套管外径2,缆芯外径,244,0.06063173484883648
1110100100680,套管外径2,护套外径,244,-0.007057321152222912
1110100100680,套管外径2,挤出内模,244,0.1054600059453373
1110100100680,套管外径2,挤出外模,244,0.014060299023726726
1110100100680,套管外径2,螺杆速度,244,0.08559556687904252
1110100100680,套管外径2,螺杆电流,244,-0.06598141814906616
1110100100680,套管外径2,生产速度,244,0.11336599239447383
1110100100680,套管外径2,实际生产速度,244,0.11216324561533464
1110100260010,光缆外径,缆芯外径,180,0.0776258802361146
1110100260010,光缆外径,护套外径,180,0.04689434615183263
1110100260010,光缆外径,挤出内模,180,-0.05351114822603143
1110100260010,光缆外径,挤出外模,180,0.013366117730416087
1110100260010,光缆外径,螺杆速度,180,0.1292039877885283
1110100260010,光缆外径,螺杆电流,180,-0.4206078432650166
1110100260010,光缆外径,生产速度,180,-0.720263487600052
1110100260010,光缆外径,实际生产速度,180,-0.39996947197335
1110100260010,缆芯外径,缆芯外径,180,-0.07402370558855366
1110100260010,缆芯外径,护套外径,180,-0.061277873090205874
1110100260010,缆芯外径,挤出内模,180,-0.02583164278117087
1110100260010,缆芯外径,挤出外模,180,-0.046538569316685666
1110100260010,缆芯外径,螺杆速度,180,-0.07793371091052972
1110100260010,缆芯外径,螺杆电流,180,0.11592974712100489
1110100260010,缆芯外径,生产速度,180,0.08012762729698215
1110100260010,缆芯外径,实际生产速度,180,-0.01741122188481117
1110100260010,钢铝带搭边宽度,缆芯外径,180,0.06482801389995105
1110100260010,钢铝带搭边宽度,护套外径,180,1.5353755493988218e-05
1110100260010,钢铝带搭边宽度,挤出内模,180,-0.05952179582787373
1110100260010,钢铝带搭边宽度,挤出外模,180,-0.04964805344720706
1110100260010,钢铝带搭边宽度,螺杆速度,180,-0.04093909963510932
1110100260010,钢铝带搭边宽度,螺杆电流,180,0.11508748783244335
1110100260010,钢铝带搭边宽度,生产速度,180,0.05856492367120174
1110100260010,钢铝带搭边宽度,实际生产速度,180,0.015609514272388278
1110100260010,套管壁厚2,缆芯外径,180,-0.04636453839572223
1110100260010,套管壁厚2,护套外径,180,-0.037310240614584045
1110100260010,套管壁厚2,挤出内模,180,-0.04298978338401126
1110100260010,套管壁厚2,挤出外模,180,-0.03059712576174001
1110100260010,套管壁厚2,螺杆速度,180,-0.003008715815407958
1110100260010,套管壁厚2,螺杆电流,180,-0.12615871403575077
1110100260010,套管壁厚2,生产速度,180,-0.05616481533239654
1110100260010,套管壁厚2,实际生产速度,180,-0.07259557464087193
1110100260010,套管壁厚3,缆芯外径,180,0.04101072184155274
1110100260010,套管壁厚3,护套外径,180,0.006993116399848425
1110100260010,套管壁厚3,挤出内模,180,-0.01500061682565202
1110100260010,套管壁厚3,挤出外模,180,-0.018272677907585747
1110100260010,套管壁厚3,螺杆速度,180,-0.03002636943740357
1110100260010,套管壁厚3,螺杆电流,180,0.12635889205673018
1110100260010,套管壁厚3,生产速度,180,-0.023250977669804176
1110100260010,套管壁厚3,实际生产速度,180,-0.018849280457437587
1110100260010,套管壁厚1,缆芯外径,180,0.019730274921015842
1110100260010,套管壁厚1,护套外径,180,-0.047159182506097574
1110100260010,套管壁厚1,挤出内模,180,-0.11022324771743092
1110100260010,套管壁厚1,挤出外模,180,-0.0968599898695323
1110100260010,套管壁厚1,螺杆速度,180,-0.07794327444120622
1110100260010,套管壁厚1,螺杆电流,180,0.0894789752784519
1110100260010,套管壁厚1,生产速度,180,0.06813242897144021
1110100260010,套管壁厚1,实际生产速度,180,-0.03198420547262058
1110100260010,套管外径6,缆芯外径,180,-0.001977419920636078
1110100260010,套管外径6,护套外径,180,-0.03385835556576205
1110100260010,套管外径6,挤出内模,180,-0.06299907478544524
1110100260010,套管外径6,挤出外模,180,-0.057022421667951066
1110100260010,套管外径6,螺杆速度,180,-0.04776548672644318
1110100260010,套管外径6,螺杆电流,180,0.044516606352293264
1110100260010,套管外径6,生产速度,180,0.03707262018712638
1110100260010,套管外径6,实际生产速度,180,-0.025281593238744394
1110100260010,套管外径2,缆芯外径,180,0.10824353718331009
1110100260010,套管外径2,护套外径,180,0.03705565517528722
1110100260010,套管外径2,挤出内模,180,-0.04046421705591554
1110100260010,套管外径2,挤出外模,180,-0.02024459017274063
1110100260010,套管外径2,螺杆速度,180,0.0036012723485254745
1110100260010,套管外径2,螺杆电流,180,0.05784052172984154
1110100260010,套管外径2,生产速度,180,0.024964978487611436
1110100260010,套管外径2,实际生产速度,180,0.03559927947950751
